,A,B,C,D
2000-01-01,-1.3492688310945686,0.12400559975589615,-0.5303124041917353,1.0618711058708603
2000-01-02,-1.8953603280561777,-0.25920771074208065,-2.101318871082448,1.5433733915468064
2000-01-03,-1.01395000615166,-0.8695934885701952,-1.1184635910432845,4.182589125461983
2000-01-04,-1.570966276421144,-1.8702569769659954,-1.0274252046769463,2.978211119289944
2000-01-05,-0.8469466012442706,-2.101175609135447,-0.236070102637849,2.0139210075140146
2000-01-06,-1.5244836752781867,-2.3904244804448957,-0.4399840638556962,2.882801702370331
2000-01-07,-1.1613139110942998,-4.311279570036762,0.5926232499258508,3.57775626300813
2000-01-08,-0.7968231340919734,-5.475657642249029,0.16551425044092555,3.6074180861469083
2000-01-09,-1.1804000993613033,-6.99925146969999,1.4237677325252458,2.7275658163644683
2000-01-10,-2.0049584683645483,-7.6122130509648755,1.0760716780021993,2.740712577719634
2000-01-11,-1.3784822445953422,-6.619012883287272,1.4565312582338512,2.460548278218626
2000-01-12,-0.7596221109182261,-7.7427027098887935,1.5592578823809151,1.7769202902184493
2000-01-13,-2.8627766204080802,-7.849259852473489,1.2822703706779197,3.8663371234829804
2000-01-14,-3.6446547476387705,-8.295320886655885,3.304256905904979,2.7155813355716614
2000-01-15,-2.9435546792819522,-7.528586684588128,3.1339302500920376,0.1987803353314117
2000-01-16,-4.280715685094622,-6.395675003398276,3.15601435605704,-0.0007124276811243668
2000-01-17,-3.1086954857493554,-7.867295015676332,2.716428798255612,0.08788650150565734
2000-01-18,-2.7597376998205347,-9.107513367167416,1.5989350321198934,1.3053244659833805
2000-01-19,-3.2293029590342304,-8.067644012082619,1.7372278069218665,2.2974537192268945
2000-01-20,-0.9044840559356282,-8.500910891061912,1.0176526553956426,3.323877686960325
2000-01-21,-1.6469579550691809,-7.8106768947409115,1.2699443544949742,4.41944916175647
2000-01-22,-0.12751590549595626,-8.851045722485638,1.437449598488336,4.622736240309645
2000-01-23,-1.0060032448818157,-7.945876193444582,0.9176241136049521,4.765610571819945
2000-01-24,-1.584534458381763,-8.415512491248162,0.9843953127957865,4.688690941008825
2000-01-25,-1.9736692947611414,-7.9631690759919955,-1.509244932285551,3.696450876217056
2000-01-26,-2.0106205258387035,-6.495025595639111,-1.2018878533524813,2.1169007996562876
2000-01-27,-1.5144166093997709,-7.516396760240664,-1.9185478219072238,3.1695773028178778
2000-01-28,-2.6545480066676217,-7.859159430477876,-3.434639119922916,4.295946827101158
2000-01-29,-2.385924785357261,-9.613873832415447,-2.6264172445708778,5.812117022083419
2000-01-30,-2.8526266917052947,-9.416586773588124,-2.6898015825128163,6.766896238547431
2000-01-31,-2.531750827976679,-8.678690731906798,-2.189953937631206,5.463432057344464
2000-02-01,-2.9977401401438053,-6.590356406393948,-1.8618027612806967,5.3153895202927774
2000-02-02,-4.015717884655589,-6.1561283501277675,-0.27393677448322573,6.6762655897087715
2000-02-03,-5.269902933386667,-6.317184632920432,-0.782159224987254,6.136247165481962
2000-02-04,-4.326427972522572,-7.140602957183957,-1.0953556775198,6.678693503246462
2000-02-05,-4.326697925564305,-6.411832451551739,-1.177901515024393,6.117220250461498
2000-02-06,-3.5658040258634567,-6.468589200358728,-2.574671113556537,5.8090665735211005
2000-02-07,-4.331696466435458,-6.160952085316815,-3.018668468552674,5.485799970485587
2000-02-08,-5.477793250076361,-7.870888272887225,-1.4126700006863253,6.2656019095447535
2000-02-09,-4.488799285435505,-8.644929303097692,0.7263894947290834,5.677063583358977
2000-02-10,-3.041650951669988,-8.807205831131615,0.05826172958407949,4.349132175934747
2000-02-11,-3.027139461044517,-8.427249370181272,-1.1638402185240146,4.873565787857562
2000-02-12,-2.9320230153295306,-7.784350401965419,-2.4859774519619084,5.962464375929339
2000-02-13,-3.737739156873179,-7.664890856169806,-2.2794028359171157,5.658238977586113
2000-02-14,-3.0328026649387523,-6.470974340872983,-2.2326170914284162,6.206211735961594
2000-02-15,-0.9601244285316466,-7.234603518230456,-2.340881557369725,7.291180702566969
2000-02-16,-1.758496913880589,-5.419514512635403,-1.9664504098920141,6.361838420398684
2000-02-17,0.616751927313778,-7.021399250393115,-0.49865666042860024,6.907285595605339
2000-02-18,0.553864472501377,-8.328171944824888,0.5936522420926316,5.242886745078654
2000-02-19,1.0876629203811663,-8.659318386733908,-0.17246584964499956,5.07756842852582
2000-02-20,1.476396456025834,-8.805439769625664,0.4732992680312422,6.623947164930437
2000-02-21,4.295288707106557,-7.966613411364153,-0.04538145320888942,8.35221244012846
2000-02-22,4.607228029819695,-7.414436824208288,-2.4279253573718385,10.170986193765998
2000-02-23,5.317789916138383,-6.7182905489699225,-2.5590809586091705,9.179820281905792
2000-02-24,4.781275150273254,-5.745663295556893,-2.8377339401096306,8.47860198118776
2000-02-25,4.0784199549041515,-5.691586502054204,-4.139444668873393,5.540423756042914
2000-02-26,2.9376767642302726,-6.150469476141982,-3.8574028962417524,5.513244173205453
2000-02-27,2.4731113132009463,-6.692868525976223,-3.4941060332193246,4.98529762941757
2000-02-28,1.842149922475866,-7.500368490551452,-3.6164261424651993,3.6434367046391993
2000-02-29,1.798531432738753,-6.610388729138587,-2.3956696771949044,4.120266775882222
2000-03-01,1.647769222541587,-6.853790287781115,-4.389633409572014,3.243661367983639
2000-03-02,2.8710884961985275,-7.014048012547388,-3.21206151804752,4.104901831821166
2000-03-03,1.9812028810707096,-7.200514285203569,-2.4394232079634643,4.083522283055714
2000-03-04,2.8572756556560064,-9.137940586732833,-4.143261510459166,4.11469858858925
2000-03-05,3.731850771433665,-9.382663667404792,-4.048161694994823,3.19437250148137
2000-03-06,3.755749314392827,-8.799515217358767,-2.738520610957453,4.549707241753146
2000-03-07,4.227217864282127,-10.703036968543815,-1.8995521877991637,5.865341521409321
2000-03-08,3.917421985863047,-10.948988855589779,-2.574499302719137,8.066098599215746
2000-03-09,3.7649166508848935,-10.316361747534868,-3.250905888072633,8.047840129771597
2000-03-10,3.8987340916599305,-11.059273959789392,-2.941312178974018,7.9084548599276205
2000-03-11,2.995896173672454,-12.026419116361474,-3.367764174404495,6.912356819937569
2000-03-12,4.322270122578645,-11.523125568032276,-1.526720697894342,9.407863299866229
2000-03-13,6.147645438399402,-12.634162689484864,-1.475354728332214,9.447694362581405
2000-03-14,6.173900401245602,-13.354081514306767,-2.6120217495394367,8.587032413698507
2000-03-15,4.090436874435984,-12.552134876557584,-2.8345535967317224,9.249259808565153
2000-03-16,4.8002749036155326,-13.578660707924604,-3.847830175722734,8.53047157053567
2000-03-17,5.386060679776922,-13.080532209712022,-4.432222183152355,8.533151693942095
2000-03-18,6.9415761857148235,-12.21197591015918,-4.490960144163874,9.212348781561234
2000-03-19,5.846062868126173,-12.110020781983607,-4.305955248558016,8.29185721886438
2000-03-20,4.82700740736896,-12.824819928061492,-4.481801889591382,9.365602571406916
2000-03-21,5.630615572173966,-10.300986108287841,-4.519471957180334,9.210002339754567
2000-03-22,4.676909621649844,-11.335039880769884,-3.6873265712887076,9.11462338679484
2000-03-23,2.5439437550007327,-10.973792716057979,-3.762700876057695,8.589856386126545
2000-03-24,3.75350379680661,-11.899922564828909,-5.005919184775413,8.194902108591542
2000-03-25,4.679214320062686,-12.037783375698131,-3.381818599588005,7.933245524559929
2000-03-26,6.84859202536399,-13.35312065699434,-1.1923531060109989,8.739085900046193
2000-03-27,7.213609055375826,-12.884234652449816,-1.1228039352243577,8.710749826503102
2000-03-28,8.140459422030334,-11.856128919351463,0.07620203333616637,8.517325318182003
2000-03-29,8.042984051320913,-12.536602414124209,-0.12260540549182836,8.148671440824597
2000-03-30,7.944271084049391,-12.76066156079207,1.2660514365261806,8.708884103845826
2000-03-31,7.95226191648894,-12.543711091596341,1.0018447477569443,9.520574171252742
2000-04-01,7.794970842126864,-11.271407535109834,-0.0742350609214919,8.85834351453122
2000-04-02,5.835719059412099,-10.757201868872851,-1.6074289405957556,7.978226386493982
2000-04-03,7.154597525537715,-10.07250740640396,-2.3558430105130674,7.848017079955368
2000-04-04,5.619050209085673,-9.779627066313074,-2.264704656193913,7.369268510867591
2000-04-05,4.9746686823115,-9.451657301438209,-5.07438614972086,7.2676099288574205
2000-04-06,6.106301976624419,-8.768926415866744,-4.130071148952146,8.283387881959166
2000-04-07,5.547441460019382,-10.008558323521967,-6.564072186697111,8.556133432259058
2000-04-08,6.933128990833019,-9.097290104207953,-5.75350096636705,8.107450255657493
2000-04-09,7.814979111118632,-8.063201848301825,-7.4165993769915515,8.033947529693812
2000-04-10,8.399612027203235,-8.606473572176018,-6.813737424855811,9.005166764798853
2000-04-11,8.918097720526923,-7.796626470343282,-5.428770474729755,9.690740289734482
2000-04-12,10.039428779623814,-7.975535416877106,-6.699433376551889,10.094640234861862
2000-04-13,10.37588257780428,-8.047105356559955,-5.324014873740446,10.38514440001042
2000-04-14,9.831835406636824,-7.72251654400452,-5.254263923923663,9.30461316708072
2000-04-15,9.992163978937475,-7.658344651799279,-6.059954998713069,8.429834462355052
2000-04-16,9.513999608468108,-6.629847576126847,-7.228957653020251,7.916696240853192
2000-04-17,11.504811071767888,-7.637862051728071,-7.344737847295278,6.531351516658764
2000-04-18,10.568385615686164,-8.329285169875536,-8.411648299351238,7.447578741896226
2000-04-19,9.887106405008206,-8.721547068840678,-8.090869707162927,9.236226101339987
2000-04-20,7.90069193830711,-8.322734188470104,-7.833279633018981,9.734672727241525
2000-04-21,6.2895113668784575,-9.879742256128731,-7.617191125444533,10.263542958847106
2000-04-22,5.8092373704904565,-9.812722700061585,-7.132928199112361,10.338713640506237
2000-04-23,7.320839689921209,-9.066012508878803,-6.792443622947772,8.819694571343428
2000-04-24,7.28523262123303,-8.727042847740677,-7.2448602296462665,9.766260318117984
2000-04-25,7.422864906050874,-9.781981099554597,-6.883213982580807,8.840620516178305
2000-04-26,7.704579298463353,-9.315533750169621,-7.702894656710148,9.725762649168646
2000-04-27,7.621049269129665,-9.33433126361889,-8.140326529495226,9.194209541138909
2000-04-28,6.070582491875528,-9.514626899934793,-8.813170200279696,10.120774417988912
2000-04-29,5.39026390756135,-8.905166890334236,-8.846057881734215,11.891453485017594
2000-04-30,6.386662170453043,-9.906034265637764,-9.910543607740113,11.032429668126186
2000-05-01,7.333755249091739,-10.263713556295029,-11.077374565127256,10.914603350189406
2000-05-02,9.03431102282607,-11.242166832509374,-9.60592595724288,10.049115804004023
2000-05-03,9.158549546617401,-10.947588376470712,-11.15284137405876,9.416904526718351
2000-05-04,9.161503261567962,-10.5359767373206,-9.612608611398834,9.776672760382322
2000-05-05,9.689181821436287,-12.202757076746536,-9.185214925034257,11.097798454604003
2000-05-06,9.589152612109842,-14.388255406961056,-6.70092331862728,9.886960859428516
2000-05-07,10.662907458006874,-15.354011838708578,-6.822282877587945,10.529525814259282
2000-05-08,11.016223786241156,-15.463713096171148,-6.29000701496615,11.097711471391877
2000-05-09,11.665621783426737,-15.836223147644246,-6.719153122772224,12.091223060454835
2000-05-10,11.931964809832586,-15.782800441409012,-6.310247795591324,11.637925338447808
2000-05-11,10.681020824751592,-16.116507016061814,-7.224208899292779,12.359331320342632
2000-05-12,12.119517092390776,-16.86838475264164,-6.168351308561862,11.734657579873435
2000-05-13,12.150582773096238,-17.153718100903784,-5.800194790691897,12.664869119052586
2000-05-14,12.981013539122106,-17.006183993794963,-4.65243070091841,11.777936823962163
2000-05-15,13.349591215027036,-17.912569770281106,-3.3510186552692462,10.34551796179716
2000-05-16,14.50559870219378,-16.916170952288844,-1.5369464781960573,9.83767987055394
2000-05-17,16.55448403120975,-15.344903012014576,-1.6439205434744115,9.445768110928954
2000-05-18,17.120216884817093,-14.675166265337372,-0.28010566292958505,9.849786800185496
2000-05-19,17.542670028081893,-17.350027411153953,-0.5917755179753643,8.662262707008173
2000-05-20,17.370249567602258,-18.115425729263073,-2.20949472053677,9.872799796038754
2000-05-21,16.65914722591379,-19.748203447257946,-1.5160210774093186,10.87108219130819
2000-05-22,18.40178493911769,-19.840101618584395,-0.816392796289974,10.360108554065842
2000-05-23,17.661357102865832,-20.74381623371507,-0.4903313735057858,10.368599402675926
2000-05-24,16.548930750741413,-21.547528955280363,1.433639671615869,10.319619233084728
2000-05-25,19.397262700744495,-21.005998108129155,1.26645327881164,9.368075845300858
2000-05-26,19.32185311642838,-20.930864362700653,1.3658084328212197,10.730024507384517
2000-05-27,20.3200026801337,-18.948014263116455,2.910915920573985,11.26324629226634
2000-05-28,20.38723052189027,-19.502798079166634,3.003325856985835,11.43605797029103
2000-05-29,18.732553921795162,-19.783130802364877,2.613274290446075,11.002457893533036
2000-05-30,19.49638161835592,-19.31076153136501,3.4753942970643674,12.140873197991672
2000-05-31,17.537794669992916,-19.473204568910102,3.883858789351235,12.88144565151901
2000-06-01,18.233581051364162,-20.304922589460944,4.012070613963669,12.524145221806814
2000-06-02,17.95712968255822,-19.26168932115417,3.367844245889686,11.748681117892833
2000-06-03,16.157764868106295,-22.483616736028562,3.55324498148139,12.01049869347713
2000-06-04,16.21069643738106,-24.353067700751215,4.050905790159507,12.733174793393417
2000-06-05,16.515574372410722,-26.48157617723169,3.7735753438663617,11.86019640876358
2000-06-06,16.97185323941784,-26.706256991958007,2.4628324337117236,13.250088031171288
2000-06-07,16.047385315066148,-26.569803765880142,2.9106344557425063,12.994101419772466
2000-06-08,16.63232444557413,-27.057384935873685,4.121660184222109,12.021743591035335
2000-06-09,17.63803545022515,-26.401957645652953,3.0474315298142596,11.828503111076918
2000-06-10,16.83069233239186,-26.9876069843905,1.04754938302419,10.92918170361012
2000-06-11,16.568268820782386,-27.878225983250086,1.3731748522215295,11.391079452223403
2000-06-12,16.439635824538954,-28.382065236075334,2.661763296312075,11.396029389316535
2000-06-13,16.41947547973819,-28.849187720530264,1.681698744856829,11.475814480854492
2000-06-14,16.74483489082379,-29.284839440955533,0.8572733719531164,11.04828410173246
2000-06-15,17.795051778598403,-31.825418319561294,1.3936003992668047,9.613002811574358
2000-06-16,17.51619092019421,-32.4146465197346,0.1886585818350639,10.78134999348475
2000-06-17,18.032072359863182,-33.16430487227728,-0.6795835316042543,10.331888070008507
2000-06-18,19.68082773342068,-33.00841969478066,-1.1169458648967425,11.866123654176157
2000-06-19,19.439912856161673,-31.235792186617857,-1.3365720803803347,11.249584047550158
2000-06-20,19.741385567815154,-30.814871009831773,-0.9676178163990332,8.99564905749887
2000-06-21,19.550746412495847,-29.227826829233145,-1.57813863266577,9.733313668806492
2000-06-22,20.20833297235322,-30.04990820593128,-1.9817060486246516,6.433709901575346
2000-06-23,21.040419034539457,-30.128845434786893,-2.900861071202475,6.623956037061628
2000-06-24,22.607251863971644,-30.529334288514328,-4.13782309022692,4.765949795398443
2000-06-25,23.94953994405976,-29.77431403875712,-2.8977157495592634,6.363196079456053
2000-06-26,24.875005303815286,-28.09671009367245,-2.441636282862799,8.27731262623199
2000-06-27,23.945733621023585,-27.65874047825729,-2.381878297402056,7.762424914674303
2000-06-28,22.863193254133048,-26.948504337361516,-3.1317003015311418,6.786139340224705
2000-06-29,21.61336837491066,-26.608141657477454,-0.26754855056429516,5.874136732642956
2000-06-30,22.829581478248265,-25.788488074942897,0.11668404693538315,5.433358626261662
2000-07-01,23.267492645582482,-26.118985479482333,-0.8683154316347731,4.582046720285483
2000-07-02,25.021477115552145,-26.171048226144052,0.058465982966373065,4.172631241199476
2000-07-03,24.806050614018357,-26.03062145402262,1.167279049341237,2.6985262564399854
2000-07-04,25.636017054038447,-23.945845465068356,0.5806492422480287,2.6647708622212574
2000-07-05,26.517173795208212,-23.962304473668027,1.3860591803508138,2.61214906929648
2000-07-06,25.86087306148131,-24.144150957833883,1.2732673417970917,4.415304939625422
2000-07-07,25.535047072362193,-23.907679512378337,0.8212720728941723,4.419852004132762
2000-07-08,26.132154030122024,-23.1640404630101,0.36034353448005446,3.979288532222967
2000-07-09,27.84559871500283,-24.021682319337714,-0.924649394329309,5.017659720189127
2000-07-10,27.021236767195727,-24.620722129829392,-0.6815834776787629,4.351328561678005
2000-07-11,27.173499112370575,-24.367722075067174,-0.6889840716173814,3.996294977139128
2000-07-12,28.875410115698994,-25.100825278223223,-1.4745896917629344,4.25083970507804
2000-07-13,27.452932151586825,-24.23358747195045,-2.1540305246600533,5.156666313249626
2000-07-14,28.086880788491847,-25.93078451516404,-2.4749032499556205,5.5577650617184835
2000-07-15,28.298105788579086,-23.42975971472692,-3.0367187169001073,3.814617209801428
2000-07-16,28.10724436128401,-23.21956534773464,-1.5977125553584006,4.441478072418995
2000-07-17,28.85718758978125,-22.70371182017449,-1.0603868254889872,5.065022702452356
2000-07-18,27.96814560806779,-20.357562824375037,-0.7124095717327676,2.974619290967793
2000-07-19,27.515378282607685,-21.28816894673265,-2.127888976573975,1.128475202653213
2000-07-20,27.948336718217345,-22.602796900733818,-3.148821651793498,-0.43737598197984306
2000-07-21,29.27167237545808,-23.05082073481843,-1.427228153127434,-0.43628595119621866
2000-07-22,28.956996563491764,-24.729767384722532,-1.4186168500492085,-0.7467671480890334
2000-07-23,28.95962265998317,-24.55474652235862,-1.0819660066511827,-0.9662793490311298
2000-07-24,28.68765584839093,-23.289529971187424,-0.7532342678635291,0.09964923469363518
2000-07-25,28.18431576479978,-23.50719961611369,-0.2171669615305839,-0.2850691467481927
2000-07-26,28.533500392148493,-24.686401390177515,-0.42042236534409516,-0.626728751960723
2000-07-27,27.44900289386872,-23.715109668576105,-1.6985369282506286,0.24498254413174914
2000-07-28,27.833823097896794,-24.645287382769173,-1.062796491705463,0.6086682837722376
2000-07-29,27.969861604417858,-25.947205768467413,-1.4848275363559722,1.1354632219592942
2000-07-30,26.6884464491104,-25.44531789825596,-1.1758496223480965,1.0951076716861858
2000-07-31,25.07436605860669,-24.165149094468905,-2.2547687082922128,0.21125862032037446
2000-08-01,26.364670671161587,-23.954966970038807,-1.931868642949433,-1.0422651769847406
2000-08-02,27.44301455790286,-24.02603097369884,-2.2791829956746312,-1.2503141562463107
2000-08-03,26.270146967276133,-22.726549394866932,-3.1835095398612943,-0.3765321158785998
2000-08-04,27.742644322281,-20.942844696565363,-1.6407120616482436,-0.7633213552756261
2000-08-05,27.90112219455976,-21.320676025048584,-1.745272277335885,-0.9734020868110655
2000-08-06,28.3008244886805,-21.36730845804389,-1.277316501901776,-1.2202916588502644
2000-08-07,28.538063308817307,-21.96211051305909,-1.0630506524146075,-0.6587259236827817
2000-08-08,27.637153698015027,-21.610270707841106,-0.9687430686722399,-1.0417232393735067
2000-08-09,28.042030207751914,-22.67328271945206,-2.1821823467475583,-0.9971429634848826
2000-08-10,26.98724989872747,-21.96834010052432,-2.0093898808663306,-0.9920956594942782
2000-08-11,25.77634151356599,-22.999288432797044,-1.7881429985250774,1.6010116730866528
2000-08-12,23.37823189837226,-25.288122524866385,-1.863544995750913,2.577392563499604
2000-08-13,21.928218566598503,-23.976376214640283,-4.4225493059187215,1.3725549619821154
2000-08-14,21.44091061365423,-25.204370863380653,-3.636346071679644,-0.5375065250281894
2000-08-15,21.874639931871798,-22.729177468610224,-3.3354315674110717,0.1212295073315578
2000-08-16,23.559676132326604,-22.238377481776155,-2.854086159868155,0.3332715424183874
2000-08-17,22.76437170537094,-20.588046730444713,-1.9399889532268442,-0.11728860498991206
2000-08-18,22.531698168689637,-22.826364927614144,-1.9542566166560484,-0.31788935813295116
2000-08-19,23.00461361294775,-21.27709179853261,-1.8806619435375715,-1.4229230843524443
2000-08-20,23.527883648756347,-21.251126688108144,-1.0713049161289896,-0.3435306891686636
2000-08-21,21.84492006228469,-21.8750163302051,-1.2123118503132178,-0.17418671824233953
2000-08-22,21.75200004836865,-20.95502129777443,-1.0479991197742151,-0.7101146074980191
2000-08-23,22.80349410964498,-19.985765345686204,-1.6707034074624656,-0.4289852218161293
2000-08-24,22.28517099533694,-20.225768545899548,-3.2592227108891416,0.26667776094776374
2000-08-25,21.623802516569157,-20.610406195535756,-2.1542347077673902,1.5841561160387911
2000-08-26,20.93144414057642,-23.358269133988617,-2.4239347634024972,-1.241756988400974
2000-08-27,21.720939484507262,-24.590242119023056,-2.8070669491016433,-1.3850645999878684
2000-08-28,19.876305314024385,-23.229269898949894,-1.8952442865239996,-1.3571544328704062
2000-08-29,19.378811181878387,-23.783949068083828,-1.0023630143846767,-1.9096123335718045
2000-08-30,19.754595591992835,-22.910237606142815,0.07749074320633298,-0.3372523083120953
2000-08-31,20.19232947650168,-22.638178014217644,-1.3164314936935586,-0.9667908343044878
2000-09-01,20.14886686910386,-22.861942706453327,-1.8129525798116024,-0.17021755582084097
2000-09-02,21.29917495115734,-23.40518677256722,-0.21596687642344392,0.004938558241700225
2000-09-03,20.615440609224876,-23.78865153241172,-1.636956787471081,0.19600619564712812
2000-09-04,19.957398157245024,-23.58733519617059,-1.8017225380794242,-0.2724624256466192
2000-09-05,20.758683412840448,-22.76710580349037,-2.7347414874245346,0.565047880631981
2000-09-06,19.98718638863823,-23.888321909177893,-2.1609603160688615,2.9700279850279214
2000-09-07,19.459261077867563,-23.961478432628805,-1.1296049523981784,3.514046251751144
2000-09-08,21.100782645706712,-25.587067538805265,-2.174986972463368,2.7758259945681987
2000-09-09,20.399809548545758,-25.159452300428796,-2.0744812309130234,2.8318736444409947
2000-09-10,19.130448273842774,-26.11638928651114,-0.5315505731105143,1.263441771680703
2000-09-11,17.834675015048834,-25.923012028375396,1.4245148774612608,1.6793416110055766
2000-09-12,18.040419209233253,-26.00894534245223,0.8595675020082698,3.3351697142469656
2000-09-13,19.30837665713091,-24.79529476409284,-0.2912430140451958,3.519070843850392
2000-09-14,19.33148166685202,-23.9789784665312,-0.45495556674336046,3.144848483594028
2000-09-15,18.63527195078355,-25.035728882807792,-0.2031827723500894,2.1250414666747295
2000-09-16,19.92581691408506,-24.11073965090656,-0.5254232844980236,3.6690772114461905
2000-09-17,20.88573826540045,-24.800371408527372,-0.7068362620647438,4.164055532730447
2000-09-18,19.563980138428185,-24.38859297695148,-1.9552836677906393,2.58838693842128
2000-09-19,18.85416484184829,-24.553106072323317,-2.1651184966449653,1.563595910034837
2000-09-20,18.602949595122265,-25.155200831228136,-1.7565299979029723,1.5117077679278648
2000-09-21,20.36422130975973,-24.226834192563164,-3.6422821494823117,0.20567407856139464
2000-09-22,18.58989163488878,-25.135187764751766,-3.1864635011691447,2.126772351302961
2000-09-23,18.084619992999855,-26.372859635515926,-2.9159932125465122,0.7531701206040429
2000-09-24,18.08390723079078,-25.097404173379214,-3.8959849020291943,0.9233867071521646
2000-09-25,17.048716377428402,-25.486194218520282,-1.605791092591173,0.043875048461504806
2000-09-26,18.2045766140904,-24.32640539081322,0.13768585240535192,1.3210937962917808
2000-09-27,16.798053064085774,-22.273503840902432,0.055161392081807564,-0.7689597622063742
2000-09-28,17.927756054810306,-21.82847508114699,-0.17669535899696898,0.06853613696866989
2000-09-29,16.233468206425858,-22.455950858101176,-0.35896495501481984,1.0165509607887335
2000-09-30,14.569406589584883,-21.413901919805706,0.15311782409676267,0.7774810592570673
2000-10-01,14.726748478441403,-21.8850846837056,2.0396605880426995,1.1110246762974265
2000-10-02,14.507738590482251,-21.046002859294685,0.045478393480576695,0.548101364055688
2000-10-03,14.82905740278969,-21.83685854481888,-0.43240162427871337,0.25916246142536015
2000-10-04,15.299750509092215,-20.162306710684078,-3.3843910886687216,0.689307278676112
2000-10-05,15.786631441093647,-17.79548969213223,-2.095843550166679,1.2905198353483682
2000-10-06,16.027750176072395,-18.924782415499486,-2.484391372617188,1.4468499105592028
2000-10-07,16.44201325273707,-18.065428948233844,-2.8041271566973034,0.492269228793476
2000-10-08,16.72256658046197,-18.486730156440522,-0.47483120765740594,1.9152650988645357
2000-10-09,17.6407003300307,-17.44112713165939,0.5330407443765826,1.5916660698058114
2000-10-10,16.40693670804171,-16.88052199918789,2.5463700537525176,0.06861382553133732
2000-10-11,17.779841997688347,-15.80629613049462,0.5695702027075744,0.8592628318772076
2000-10-12,16.781526614170968,-14.461314019121913,-0.827546846878364,-0.5683747326728529
2000-10-13,16.507949442527302,-13.97816087806162,0.8778440328861099,-0.7848420500835566
2000-10-14,17.751769321304145,-15.82320711980503,0.5143082974669129,-2.1015994429547953
2000-10-15,17.161848108136315,-17.178955631749417,1.1394119658663402,-2.2206573042736664
2000-10-16,16.001239991152627,-16.25070589554749,1.2257732441577032,0.02772662523790581
2000-10-17,13.389346098051861,-16.05974976410811,1.683350065652561,-0.7269608789315832
2000-10-18,14.240682255412748,-17.08841899873264,2.748723095104255,-0.5981633826567092
2000-10-19,14.332318763550848,-17.217124194780027,0.8711407089795815,-0.2606837294590018
2000-10-20,15.764702082364774,-17.602083488679103,1.4944469471883548,1.1831263239301186
2000-10-21,16.105398472280605,-16.38019064846547,0.9986088739814957,1.82231143307959
2000-10-22,17.235332103176958,-15.23519123529622,3.0373706873832518,1.600214913262246
2000-10-23,16.860297497557028,-17.248665744553985,1.8952861425011214,1.8959670283991037
2000-10-24,16.977359785242296,-16.694402340970182,2.178091569549777,0.7771328982452028
2000-10-25,16.83997012879707,-18.22826281316494,2.481975822494722,1.0209489029832122
2000-10-26,16.461981333013412,-18.11400312240076,3.0433793517337238,-0.169013726944103
2000-10-27,16.10891126491361,-17.80031010813655,2.173487690976284,-0.08195673745068273
2000-10-28,16.105711255221003,-16.48929799664984,1.9374385734099189,1.1314259823617514
2000-10-29,18.08786643158331,-17.245496683954862,0.8468996348170061,-0.04762842201898976
2000-10-30,17.155449436964425,-18.789713009494406,1.5444141097498725,-0.3170538035013643
2000-10-31,15.26239338744122,-18.665970279453504,4.04022000566909,-0.27603461849127503
2000-11-01,17.255317294183993,-19.139804176119192,2.609100881015702,-0.13534611701664853
2000-11-02,15.401271742485342,-18.617369509809695,2.650973030142288,0.075048518466269
2000-11-03,16.28074949264667,-19.854835671466326,1.0446626685491534,-0.9151094818014575
2000-11-04,15.90503605943102,-18.052926215192276,1.407580434875959,-1.6648175181647842
2000-11-05,16.42576209306798,-17.41502662584679,1.3109408449354805,-2.071987138391035
2000-11-06,16.72457524296695,-17.165120936816553,0.29274017041947364,-2.4031126946657064
2000-11-07,15.300427010961446,-18.172472648544563,0.3053366111010365,-4.595199725791371
2000-11-08,14.718135406667836,-18.169229813712796,-0.2466602743523303,-4.832078131553006
2000-11-09,15.320590155963794,-18.12738137644459,1.543977604204444,-3.8646556806118797
2000-11-10,16.553136142953857,-18.323275266423092,2.464345806868965,-2.623161193094308
2000-11-11,16.269353180173752,-19.23210875961481,2.876232054016998,-2.012860313774482
2000-11-12,15.122588845687318,-17.97744685356554,3.284227092839127,-1.4890660259001263
2000-11-13,15.104836665191717,-17.659725560272456,4.127698406717184,-1.2514126865479698
2000-11-14,13.924973032459938,-17.751773778579754,2.4266528140287216,-0.3498408029192701
2000-11-15,12.629930717765486,-17.168343043926097,3.1013708845924093,-0.44493495210575457
2000-11-16,14.432635953119291,-16.59893073453185,3.014009676103261,-0.0477776395437986
2000-11-17,15.809905340893927,-16.349858160392994,3.728837920995037,0.7561859392919745
2000-11-18,14.373907126640614,-16.468145899150826,2.468525052302939,0.5887157618196825
2000-11-19,15.39725565917411,-14.402996828944868,3.768266236314828,-0.24911281998888835
2000-11-20,16.26898414718985,-14.93027339916206,4.463146510022027,1.5479975222135411
2000-11-21,16.306693425515064,-13.609881843723134,4.415067987255674,-0.5945968826079329
2000-11-22,17.07098911083567,-13.34187372257517,4.040962583939931,-0.7654140625218343
2000-11-23,15.388552496624753,-13.476339194179477,4.730987530678279,0.9418547755978192
2000-11-24,14.984206813580098,-11.946124598872307,3.4755638305288103,1.7309855263512612
2000-11-25,14.410184572654934,-11.830140044601393,4.786109601280682,2.1058642831327203
2000-11-26,14.628727250172807,-10.732380654243507,5.39922997171346,3.3259576254964562
2000-11-27,13.657106753103678,-11.353619951186548,6.961355188533227,4.414865227413271
2000-11-28,13.509472403270715,-10.978063815120619,6.458947198808291,2.9529199455215513
2000-11-29,14.002735394353442,-12.675406972572784,6.847410546225145,4.69342333320242
2000-11-30,13.933754231029042,-11.398302840169208,7.32687718474608,6.240917244807047
2000-12-01,13.986117163411425,-13.994049361511813,6.1035183040641785,5.867577140941957
2000-12-02,15.244676707710715,-16.103431179130297,6.863880499359524,6.005958551647274
2000-12-03,15.416996699684088,-14.820819110646559,6.858329890095918,5.000007587483892
2000-12-04,13.68429739342024,-14.877273457731023,6.043663012804204,6.667689093450411
2000-12-05,13.406973610607714,-14.051148787751368,6.326234549965267,6.309284353015497
2000-12-06,12.956171597887295,-15.746272244790797,6.815305714414038,6.543477896202425
2000-12-07,11.610060611916914,-17.488599509316362,7.756525736778678,6.687229281113637
2000-12-08,11.676702248331612,-17.16412207921883,6.625350331152429,7.116998208521376
2000-12-09,10.995972165060167,-16.659584888788288,5.339957270414518,6.401453873024626
2000-12-10,11.418845301997717,-15.852838502842918,6.4125563250711295,5.201269293290203
2000-12-11,10.70037422776351,-14.49173673918143,6.342720414139722,5.0651130118969885
2000-12-12,9.998693721016194,-14.809716255689928,7.278459804508783,5.306545211819158
2000-12-13,10.45010597616122,-14.743448294321166,7.4229559594029295,5.6582623609414595
2000-12-14,11.085258473669132,-14.740498273696735,6.481844143150141,5.670827313973746
2000-12-15,11.465604863906561,-15.163418965701307,6.445602730932062,5.538450356725441
2000-12-16,12.190337467613169,-14.905260651886193,8.309672582647536,6.1641129478998655
2000-12-17,12.81952985641687,-15.06660512655684,8.947109411835008,6.598526074762194
2000-12-18,12.833412985299272,-15.514389446686154,8.799789581134497,7.856520380913032
2000-12-19,10.352241074947,-15.325861835360998,8.516231901336582,8.449505232647974
2000-12-20,9.818158523921252,-15.417054674614032,9.487612441563078,9.200423080373426
2000-12-21,9.981376391883694,-15.141125027217228,11.268675332794523,10.200147400785388
2000-12-22,10.701789414199023,-13.322170313715981,11.752229693168617,10.197999789350735
2000-12-23,10.256004686341141,-13.301639233752914,12.162230521361895,10.816724131875963
2000-12-24,8.230765700910103,-13.211099645916404,12.674337993587082,10.262269161456585
2000-12-25,8.609255000636752,-13.732557212609859,13.200431304155508,12.329574898365117
2000-12-26,7.168429726980447,-12.827179490582763,11.96511672674486,12.377687889880544
2000-12-27,6.803405844897184,-11.960942629808034,11.167160216282525,11.415461568793278
2000-12-28,7.429800914633182,-11.758123835031482,12.101526682071118,12.438738939872819
2000-12-29,7.935055410585692,-12.689021624282784,11.320814568028426,13.944822976827606
2000-12-30,6.807133136058224,-13.152774601315496,11.617426340429999,13.84981968443988
2000-12-31,8.424003617362473,-14.018915862894744,10.813173699979393,14.649146046943262
2001-01-01,6.923967353991358,-13.162448652309921,10.6542459520781,14.766005524946456
2001-01-02,7.1311317899549085,-13.78904543540037,8.47959804561204,14.461569493858319
2001-01-03,8.605654447574093,-12.99229458672048,7.407152666457076,14.812079268206755
2001-01-04,8.865390188201635,-13.884534518508419,7.243961709344402,14.68687648444415
2001-01-05,8.626687943909307,-13.409731071305554,6.406295209411311,13.341203075842484
2001-01-06,7.789194041969612,-11.612060706366844,6.102600575827945,15.127941670717846
2001-01-07,7.151221425976426,-11.631465873563824,7.866497057382573,14.606626635530912
2001-01-08,6.361909010964929,-12.763870901166177,7.1846218229069025,14.918645332292346
2001-01-09,5.37369585042714,-11.906659202201178,6.50912376568707,14.692093953226008
2001-01-10,3.186814130042552,-12.450754937429773,5.59140248695001,14.959048735095417
2001-01-11,2.3442250848222903,-13.360343975130741,5.376530209536701,14.40052387685815
2001-01-12,4.917121250947369,-13.710071893883255,6.615024858780778,12.26146615742249
2001-01-13,5.2220593186589115,-14.192443774171707,7.975231182551849,13.691526733701537
2001-01-14,6.025503811558848,-12.706863944057133,9.031950477473401,14.209150446523807
2001-01-15,5.296894556472976,-11.519153982264577,8.258247776230332,16.026163516173348
2001-01-16,3.991905574570788,-12.236037527714132,8.110815431772771,16.964845549996237
2001-01-17,2.0620096757522983,-12.47637135032976,7.401803693849337,16.162420609229176
2001-01-18,1.6091733133115769,-11.961955794690724,6.290836068141328,15.314498905025733
2001-01-19,0.19398915080111245,-10.70497360970415,6.657356412499696,15.97842205381418
2001-01-20,-0.8949822586098828,-11.514900974902313,7.075546999314671,15.299893662458832
2001-01-21,-1.600513659205507,-11.70744617511299,5.85342503535315,15.407879250544099
2001-01-22,-3.078178442706898,-11.097108358979705,5.24830211392152,14.858874080411061
2001-01-23,-3.2134434089217194,-12.957760546587162,4.782048386963512,13.840595004854867
2001-01-24,-4.484932274228434,-13.763106140884217,3.583506656749749,14.269550482931324
2001-01-25,-4.450375021508389,-12.487935099796369,3.800822332567121,15.358800467586097
2001-01-26,-3.276859191818737,-13.892448733835417,3.9367322493943457,15.028662009194065
2001-01-27,-2.8186034084879714,-10.912643831326994,4.604966858266133,15.259307351321002
2001-01-28,-2.5280442374199037,-11.267894068506317,3.664500514257387,14.428674316836421
2001-01-29,-2.1296507974213696,-11.68223877250202,4.102778099290678,13.900117941568611
2001-01-30,-1.7759354915397558,-12.279607757240464,2.685136740547116,14.016859847064831
2001-01-31,-0.584198619019515,-10.723539448587667,2.7688928174470586,13.237274832679905
2001-02-01,0.18154326767004259,-9.237814614993152,2.9061957655943402,13.409199333606967
2001-02-02,0.22029261801180616,-9.421738916716675,3.0953327229527865,12.457901348225603
2001-02-03,1.6758496966129184,-10.074612837242357,3.7437006962039656,13.57521542919082
2001-02-04,2.1386087515246603,-10.576474358082136,1.545887362171253,12.823297436207959
2001-02-05,2.486931153973333,-9.634425739336649,0.5114616164097341,12.37704970843327
2001-02-06,2.188165960390012,-8.93302570101812,-0.8092212993299199,14.717346570950923
2001-02-07,1.382787543737846,-8.845578270877203,-0.9108550942220747,14.785020615666548
2001-02-08,1.2835232138411052,-8.672896835773724,0.7981538804363203,15.049926007364672
2001-02-09,1.8183759556971706,-8.895727395873276,0.19620440804704642,13.559631545394195
2001-02-10,1.3293389239527031,-9.781581137163473,0.5898755639174594,14.002502756402528
2001-02-11,0.6576017722553867,-9.764597425622904,-0.6849384802564614,12.867902846531445
2001-02-12,-0.9320620251520687,-9.474774153398382,0.5687927441837609,15.021536384525696
2001-02-13,-0.4986603015752261,-10.465723379840334,0.3377037464103161,14.743879673804493
2001-02-14,-2.436652323748582,-10.243343213702145,-0.91997446002048,13.861229289767902
2001-02-15,-3.69047521762713,-9.000122436906526,-0.19985711461873346,14.74532801478412
2001-02-16,-5.150758499437177,-9.67601308780405,-0.547027864117891,13.317460297580737
2001-02-17,-5.488263834049428,-10.848078041469488,0.02079262485611799,10.797610596396398
2001-02-18,-5.568194561539017,-10.225891980491426,1.0374764539309438,11.536546865796753
2001-02-19,-6.206528488641738,-8.880859687877454,0.8466592600824259,12.152492805957664
2001-02-20,-6.435233726573079,-10.204926943899434,1.3237948103133002,12.636612683373201
2001-02-21,-6.242500874918629,-11.42466292092602,0.15823610006406952,14.70124385334291
2001-02-22,-6.681238751504785,-10.709920674380935,-0.0643668854745165,16.1158528252548
2001-02-23,-6.409631172145003,-9.730777031046342,0.8723193754989007,15.005932886636774
2001-02-24,-6.6705616155852026,-12.046393058884561,2.5819711800940524,13.235657977636832
2001-02-25,-7.68871852448706,-11.377795383700992,2.6455209598533815,12.29969676143209
2001-02-26,-7.900596990936318,-11.288617605411675,3.445759177421927,12.745967407413968
2001-02-27,-8.629138305482096,-13.203965407455506,3.331806677340445,14.268870198653477
2001-02-28,-8.566915685910041,-14.116054400152695,3.576119853369948,13.295401475739082
2001-03-01,-7.297032875173143,-14.541837846598366,3.9661405335547038,12.266714618746345
2001-03-02,-5.542523538742371,-14.3653813693922,3.83572618926657,11.640666571841253
2001-03-03,-6.303439170701342,-15.53496548173265,1.9030816981969545,11.380271455811798
2001-03-04,-5.8747120432670155,-15.295394709798147,1.4248795511356305,11.113054552985577
2001-03-05,-4.664646756552783,-15.976150790442635,-0.5254608471327342,12.943019870929735
2001-03-06,-5.338174402528409,-15.049046462166494,-0.029988600077192007,12.670502613042101
2001-03-07,-6.013182224022299,-16.63115100775361,0.6913469275790092,13.391504290642057
2001-03-08,-4.950036157355193,-17.128613009516602,0.9302656369227338,12.608833742782782
2001-03-09,-5.2989844210990205,-16.190106097796527,3.1007925446030296,13.034168629983306
2001-03-10,-6.025991494168039,-16.449164510956706,4.185404434652227,13.17019777631071
2001-03-11,-5.609603562393567,-16.647923152310565,4.443131547149747,14.504783062920025
2001-03-12,-6.763668716667201,-17.68330349770193,5.81863883362362,15.809766702350549
2001-03-13,-6.364978574710628,-17.696127600002942,4.473889812473221,14.529495569177245
2001-03-14,-6.524912180958273,-18.187424809182616,4.252785505023689,13.75611846209701
2001-03-15,-6.57567974178998,-15.91939778437241,2.875693384767276,13.725340266595659
2001-03-16,-5.371037314547889,-14.30521160463624,4.139663887238318,13.828506271642901
2001-03-17,-4.927807952319812,-14.046092029811573,4.998659641620672,15.2692133768694
2001-03-18,-4.943575602536858,-13.459149072977684,3.9705636195044356,15.955645580916423
2001-03-19,-5.429013872355161,-12.866386804713745,3.3519868490266704,15.92149452239388
2001-03-20,-6.047846393406043,-13.69001668802091,2.567894025104316,16.013966268439056
2001-03-21,-5.2096270579582455,-13.742373934813113,2.0670883197822096,17.761009440663504
2001-03-22,-5.553963943953821,-12.685616568053543,-0.7124828011258897,18.137681811029545
2001-03-23,-6.738273231605467,-11.822747368236191,0.03574995502462075,17.669444759924723
2001-03-24,-6.946740216386185,-11.443265243610918,0.7612770383991854,18.658179276689378
2001-03-25,-7.614684932595917,-12.853796353575838,0.2384326566542605,19.540560948191974
2001-03-26,-7.608957178068816,-12.425067496155956,-2.0881202965556787,18.94036219260445
2001-03-27,-7.200065865901906,-11.969603540464494,-1.512770065650554,18.490852978976314
2001-03-28,-7.662725109567625,-12.82893225651416,-0.9682657897917453,19.12866991940624
2001-03-29,-8.590344549423541,-12.65950018114321,-0.8839991574278099,19.213087882169628
2001-03-30,-8.50142589023121,-11.34658406596982,-1.0872935994544621,20.30972882029547
2001-03-31,-9.264756988807564,-13.379134569907869,-0.4329761164928799,19.350978127928528
2001-04-01,-8.384269465661692,-12.118012709806404,0.7053604068728322,18.6414120427519
2001-04-02,-7.260746600884709,-12.1505980661494,3.0597559840794046,17.502069236001358
2001-04-03,-6.171631100267407,-11.301239898736116,2.435893778477059,16.82821416356772
2001-04-04,-6.901214118008923,-11.488788365323005,3.2009446092163554,15.760610341724732
2001-04-05,-6.004561318637305,-11.84437570628826,3.3970192165484785,15.612812400975171
2001-04-06,-7.50838195187628,-11.282768956422645,3.000559304818074,14.816197084609607
2001-04-07,-7.873389361844545,-11.883075582740025,3.1614426319072044,14.442274951853678
2001-04-08,-7.072890264507885,-12.239182520332443,1.8456010164208967,15.513520114980492
2001-04-09,-7.77468220550436,-12.090496001509116,2.491469853197929,14.188486281620445
2001-04-10,-7.794055184700152,-13.05495218048301,2.910590368376254,16.994188859668796
2001-04-11,-7.951592973181234,-11.690044725574795,1.5045563581324988,16.066110440223763
2001-04-12,-6.6839653882841645,-11.545422652215038,2.9234859637917774,14.740460108074455
2001-04-13,-7.225221732982828,-12.635991041410183,2.452755468580265,14.540585560540435
2001-04-14,-7.605328062206957,-14.29163772651768,3.94377858830821,15.152820669797746
2001-04-15,-8.252890508683187,-13.50816637754282,4.19201548529983,15.323873431034382
2001-04-16,-8.971489957563312,-12.521863560252928,6.298452832240489,14.154620460798155
2001-04-17,-9.133255998433924,-12.76210635680219,5.392358316610637,14.628337271455877
2001-04-18,-8.190939363778972,-13.988910597146749,5.19818085245079,13.962767069109354
2001-04-19,-9.116822155216287,-14.670252825739148,5.447867451522758,15.336377820658026
2001-04-20,-9.729410146014134,-13.785155431184924,5.33283184284099,16.50670387161694
2001-04-21,-9.997377462426941,-14.4636226143695,5.253929093688511,18.515806947334724
2001-04-22,-9.837277510523085,-14.532151655236405,4.572030028921816,18.07467117668826
2001-04-23,-8.926530088547405,-14.1446435103285,4.608768204816457,17.767773701804362
2001-04-24,-10.656268972202822,-15.202605647621983,3.4340120991208707,18.33839366549713
2001-04-25,-12.436000651045449,-15.198067659635159,3.6529372515067733,17.91331880677489
2001-04-26,-12.575855916972191,-15.736662864113878,4.02225134985644,17.623314393659662
2001-04-27,-12.010930809524925,-16.42544547425419,4.254381143345097,17.06674112666603
2001-04-28,-12.047230097299089,-16.49790887564077,1.9241844896904237,17.523515849817258
2001-04-29,-12.007613043610696,-15.398560261094195,0.6959428635898215,18.74963457593418
2001-04-30,-9.728518108258088,-12.986370282796859,0.010188618133961769,19.01407857517349
2001-05-01,-9.698294879165427,-12.039017698416627,-0.47606062459412,19.72616253875921
2001-05-02,-8.59410515788713,-12.354127620006388,0.7238693204312131,20.945937441125288
2001-05-03,-7.921218403718297,-11.757600714122415,-0.5220656392062187,21.989706073748327
2001-05-04,-9.996214210855257,-10.734618032260256,1.322718832552932,21.65720297148439
2001-05-05,-10.251724722972044,-9.064860719045397,2.4734348047256685,20.607269776196308
2001-05-06,-9.449163563716649,-10.061445891500117,2.731647623318958,19.613221046127187
2001-05-07,-10.485606252107546,-7.597101878729047,2.8457825067319997,18.578671125110063
2001-05-08,-10.606018172909017,-8.419519010328992,3.2049081235006134,18.36460189898154
2001-05-09,-11.321586680715633,-10.574475136187868,1.317238241825073,18.074729522807882
2001-05-10,-10.272339803162438,-10.428360081919985,1.5955820206324094,16.514668586749586
2001-05-11,-11.028475486243197,-11.049937062459797,2.6890695317311177,16.489030756638883
2001-05-12,-9.357362249533157,-11.271834668879515,3.9093690956865603,17.478818820446783
2001-05-13,-9.247763402521358,-11.151785201102566,5.037591320148407,17.98460952561271
2001-05-14,-8.458698236333861,-11.155697651046278,5.106943846740853,19.2959435695685
2001-05-15,-8.241084462729692,-10.26287504389182,4.938713594599051,20.093531603838898
2001-05-16,-8.31178687320961,-10.439858807083608,5.532892782773188,20.179147913281554
2001-05-17,-7.828509354239725,-11.83216770575313,4.2074636141044754,21.49044876241293
2001-05-18,-7.653026841720309,-13.278441377317984,5.824368141657765,20.16992541298295
2001-05-19,-6.954069117747851,-12.393500364716749,7.060339828441646,19.04092528379443
2001-05-20,-7.038625443969593,-12.595595301613322,6.735973249859012,20.40864480341747
2001-05-21,-6.4310318375378595,-11.617635807004609,6.767116940767913,20.47261710261157
2001-05-22,-6.735574388176158,-11.428123766289218,6.765415577246867,20.725814538734365
2001-05-23,-6.103357673524684,-11.973460156262467,5.929195364757216,21.88165388052702
2001-05-24,-5.806264045803901,-12.856293406036036,4.7363197754679325,21.527778392584317
2001-05-25,-5.322354188847451,-12.100789964071392,5.5496423617607675,21.602188271487904
2001-05-26,-3.3553803136488325,-12.254196998270501,5.400384374774962,23.09844528416234
2001-05-27,-1.9837007456080504,-12.456407681544846,4.8826350008397466,22.93337703448246
2001-05-28,-2.2976758525724295,-11.597312253241398,5.196765340527292,22.769122576644627
2001-05-29,-2.626704442044468,-12.04432630038707,4.008578417280006,22.312259503322597
2001-05-30,-2.031256273918616,-11.48263518955109,4.022536538628786,22.306223202893115
2001-05-31,-1.558356431134608,-10.651102062116777,4.597956958480383,21.74116642687746
2001-06-01,-0.8068288149142443,-11.373114895475878,4.477129385002886,22.545100541930903
2001-06-02,-1.5460464427357756,-11.47691965430314,4.70049245054885,24.50094093313429
2001-06-03,-1.4794768500713968,-9.83390937180904,3.9996387629241923,23.274626404140015
2001-06-04,-1.203376847789791,-9.410726483147002,4.677147894435645,22.381173277475803
2001-06-05,-0.0995646224856559,-8.293090425141104,5.556023844688399,22.024159950601966
2001-06-06,0.42736564931927234,-7.232469945883909,4.958734636768812,20.65134472860758
2001-06-07,1.0455466383458771,-6.819465672902513,5.41422018698759,21.01087131332181
2001-06-08,0.9522533403006154,-8.398739452798509,7.535847110844876,21.747737130747
2001-06-09,0.794148475911936,-8.575964276576652,8.558841426401887,22.555600716606506
2001-06-10,1.8385105279162817,-7.573783290417353,6.879404955102027,22.546508446895132
2001-06-11,2.9787902550252823,-7.543188964460002,4.196962531835206,24.041370190809122
2001-06-12,2.5181771355242484,-7.338026043531167,4.138354753174297,24.178982978040406
2001-06-13,1.2115152817959536,-7.860109250580241,4.729690658311654,24.458436060287372
2001-06-14,1.5096621682724387,-8.406789407124103,4.673166901783247,26.088727861822548
2001-06-15,0.21953983053358228,-8.34120957149423,5.331527698202023,25.949872825532722
2001-06-16,-0.8778844993862291,-7.974800473350513,5.498467484231388,25.779001229396172
2001-06-17,0.5760353010599548,-7.526516708950435,5.324066085357004,27.366706910666704
2001-06-18,1.201180290143114,-7.648873210094249,6.440161441861438,28.076182534207472
2001-06-19,3.005697249786831,-6.8920971980509655,7.736890958413228,29.425224034143586
2001-06-20,2.487727200787759,-8.544005752875846,7.457284706662023,29.453335708734464
2001-06-21,2.3888775172263985,-7.380089651902199,7.13026037908647,29.534779356237145
2001-06-22,2.6590537222833417,-8.543049110608223,7.715579165040454,29.575311646839292
2001-06-23,2.928141082362363,-7.145105622342005,7.470959399336374,28.038987806085224
2001-06-24,1.6868116028438502,-7.325394373438155,7.710599048880657,27.895271122462752
2001-06-25,1.9660131254722164,-6.4785563160003985,8.0025606521335,28.143889883490168
2001-06-26,2.331637081268556,-7.523539473779247,8.946894576972879,26.723620946489543
2001-06-27,1.613893800151955,-7.934163555787911,8.74126277556361,25.562889901004404
2001-06-28,0.020181681905584448,-7.64020517205423,8.698894689761559,26.075317955838983
2001-06-29,-1.521776474755197,-6.854349330027568,10.691332680956975,26.236701224265765
2001-06-30,-2.5456955445843725,-7.014857682862156,10.566240866379362,27.749410236667423
2001-07-01,-1.3911404235279041,-7.310701180791983,9.770444799359936,28.365146115274936
2001-07-02,-1.4229737840413987,-9.540887368709924,10.021812404625473,27.148288364875416
2001-07-03,-0.8121011414704704,-10.295745664484514,9.774258069470495,27.981130509204522
2001-07-04,-1.3731771488541409,-10.47914800816123,9.673122292676792,28.153199467098325
2001-07-05,0.0834449301507052,-10.539764289337654,10.265323632002788,30.085408923866904
2001-07-06,-2.792675973189401,-10.161329639444858,8.178571411564352,31.198499781417166
2001-07-07,-2.2016591640994747,-9.64404750971465,7.121240660126288,32.326834270305866
2001-07-08,-1.1293112992995586,-8.649756937128146,7.466122185297947,33.65287887581512
2001-07-09,-2.1991216835916325,-8.400188577080602,7.070816457541008,33.13854366832179
2001-07-10,-1.8524636326884014,-7.768713698209844,6.621275688598806,32.762854229224395
2001-07-11,0.4653382884449129,-6.50356276382346,5.6598398718040315,32.413595642246904
2001-07-12,1.378915388687242,-6.9680956810494115,6.015415702316069,30.969077872879996
2001-07-13,2.2629374103760016,-7.343891978155391,6.421570483102888,31.425070268746012
2001-07-14,0.2184815703385401,-6.352753111209367,6.862449907371722,31.3761460686171
2001-07-15,1.3776410313015308,-6.133385957203678,6.681624541025469,31.84936173842578
2001-07-16,0.19427406718177953,-6.011933780239969,6.885425247203809,33.36758534023966
2001-07-17,1.83795465052789,-6.511461699893832,6.614814180294674,34.56950403226337
2001-07-18,2.560779348818576,-7.339107760278234,5.745947437561789,35.659518965650996
2001-07-19,2.6239476664391175,-6.193614199821744,5.614475221872341,36.08397671686087
2001-07-20,2.7503730414127197,-7.602898273897863,5.351755471611408,37.41705618730393
2001-07-21,3.00033562270722,-7.749491869916275,4.7354837891029655,37.6503822332179
2001-07-22,0.32729719623365394,-7.001248388172744,4.841293132545221,36.593679586375494
2001-07-23,1.7986761904895125,-5.5525427214628715,1.653083523085502,37.018261772737986
2001-07-24,1.3611017937161742,-7.274326688856516,1.7501720075540417,34.52793930109177
2001-07-25,2.4265783597843034,-7.770765685270256,-0.45601859363473296,36.785784160221944
2001-07-26,0.39685336159890205,-8.115774301110495,-2.0064966287741104,35.485086771571204
2001-07-27,1.452036958264451,-8.900836382290173,-1.6565758194683662,37.53875669880596
2001-07-28,1.9693359923323523,-8.648631392105644,-1.3864726071623,37.21427373600226
2001-07-29,2.666996934350764,-7.127217720934384,-2.086651301183682,37.70280891011357
2001-07-30,3.5884898815982353,-7.239649578154589,-0.8906269371686644,39.93385866233404
2001-07-31,3.9123212082020644,-8.849774310523957,-0.04670904982976731,40.29400758932678
2001-08-01,5.386211411879084,-8.278235807800918,1.0462609767809263,39.73046049952204
2001-08-02,6.03210098580684,-7.616533743349747,2.6045531180686234,39.82168862520437
2001-08-03,5.87758549936889,-7.782161828905637,1.5747393401350764,39.34783321803809
2001-08-04,7.6034341735992435,-5.867469155323105,2.20681024721159,38.1456193095631
2001-08-05,7.514682984199014,-5.488634265023206,2.766387703577272,38.12220920232898
2001-08-06,6.651165390266561,-6.675803105510393,2.0072428610376276,38.63593073333882
2001-08-07,6.352115490552407,-5.582556113750946,3.3660765746263777,38.15797822995686
2001-08-08,7.545161225902163,-5.341874173798611,2.5490470743200144,37.2081784446639
2001-08-09,8.128403322398917,-4.589581920582384,1.4596311492879335,37.97797137902036
2001-08-10,6.803481288957511,-4.862779344447534,2.7395285340326785,36.77781128516979
2001-08-11,8.239334571826294,-3.937900182581788,3.870365001626622,36.396880771655255
2001-08-12,8.616798891873515,-4.086399124292397,7.1724177445353225,37.30929094693514
2001-08-13,9.222104731749583,-1.9100465256783612,8.196152136439782,36.70502399281616
2001-08-14,9.402596314379572,-1.5460663949725528,8.649192586819424,38.50380901263945
2001-08-15,11.083852047694464,-2.1705202884630106,8.278661065046474,38.14574342654218
2001-08-16,9.86768310989255,-2.689125239497277,9.20725280726596,36.28439593237254
2001-08-17,10.95359149969672,-1.6012188274695378,9.396920803351026,36.79092904753588
2001-08-18,12.581061533391955,-3.440657372330465,10.25434660282058,35.31516781546184
2001-08-19,12.125304960435864,-3.3945321686387553,9.765408780333207,34.60467487936636
2001-08-20,14.567377330052736,-5.037567215929354,8.005051418715057,33.70887066424601
2001-08-21,14.474891255744717,-5.0647632848132655,7.562820225821272,32.739468552826295
2001-08-22,14.490578118003151,-5.229641600621628,9.345836658900556,33.76766008040069
2001-08-23,15.661874034720796,-6.767538720473115,9.213651660148722,34.16943648015269
2001-08-24,14.604618493511108,-7.8253894434821145,9.119503289565193,32.92729624956787
2001-08-25,16.49284487772579,-8.810021843621929,7.797010603962393,32.06845286145675
2001-08-26,17.924368036286364,-8.440395889894655,7.8404307308508745,31.003140922750685
2001-08-27,18.616262162140703,-8.215237110418993,9.470452684948777,30.163058499961856
2001-08-28,19.212964589701684,-8.900630267807932,9.07624014417608,29.593722175165347
2001-08-29,20.403952459040532,-9.46365782167885,8.873771685987014,31.68460279134278
2001-08-30,20.472091920025886,-8.963078089059167,8.50787362097887,30.677626237785173
2001-08-31,19.324643392034517,-7.352126062972859,8.903292648037912,30.334894713978386
2001-09-01,18.61681094859574,-8.306127693753021,10.838325549410145,30.084546867644747
2001-09-02,18.29477024961465,-7.639110704268387,10.51469830330093,29.923805686284403
2001-09-03,17.304165815338564,-8.489422646492637,10.594837360141385,29.414844546810915
2001-09-04,17.432140605676786,-8.60044876989879,10.948235157415189,30.323432912388544
2001-09-05,17.903038729135286,-6.344342094605468,10.369966268963646,30.11033304894111
2001-09-06,18.51879355697536,-6.131611298511686,12.350142269921564,31.040027000662636
2001-09-07,20.702706527389754,-7.728811637694196,11.035166542595293,31.52921932364647
2001-09-08,21.781174692785303,-8.545573776845895,12.319411344764205,31.83844271339183
2001-09-09,21.872688573554388,-9.732164530278574,11.480342608900028,31.251717273664347
2001-09-10,20.107092398151956,-9.631655584566584,11.322139260254204,31.805583181786
2001-09-11,19.83184356010467,-8.667222955155907,9.940696818744357,32.01050192351593
2001-09-12,19.901530204926722,-9.42371123589458,9.140919954354624,31.32843254341151
2001-09-13,19.43182638094369,-9.247501324926816,9.932003863801874,31.972164572819604
2001-09-14,21.441404239791783,-7.146513089050076,9.008771169794427,32.056998926429664
2001-09-15,21.509656782152096,-5.905647815102077,7.655509345853222,33.64913720235846
2001-09-16,22.383748944297846,-6.420709680773625,6.813675317411617,33.81118819277787
2001-09-17,23.102141421220406,-6.451763500606917,7.817981885223984,33.191814372013305
2001-09-18,23.449740845259115,-6.74058395407137,9.627518497595696,33.397742985213306
2001-09-19,23.049865099671067,-6.917036604638037,9.69864976678959,34.95972298104944
2001-09-20,23.155469557738385,-6.674354009198686,10.769786432968766,35.98247148546049
2001-09-21,22.62157211910758,-6.488093391608133,10.435845409900663,36.331055833903534
2001-09-22,22.85104457620617,-6.76828359968132,9.292421512205765,34.42911218196084
2001-09-23,22.701584525525206,-6.142943229058441,10.652447211546239,35.29460288117846
2001-09-24,22.674681948293042,-6.067126341716295,10.134142615553554,34.194669978005265
2001-09-25,21.724835439746734,-7.200064917417778,11.694278346766385,34.18871649948761
2001-09-26,20.764041697687233,-7.296024972553782,10.602049058499414,33.732072923111495
2001-09-27,20.45733305711725,-6.913836607688139,9.417573143750067,32.10572101906093
2001-09-28,20.407471555359272,-6.975969951942222,9.818546061966448,32.23016069016682
2001-09-29,21.016534630192325,-6.168979435187687,11.419482057994168,34.441522718188935
2001-09-30,21.778058337550245,-5.858066658157131,10.238555263174378,34.908524784510035
2001-10-01,22.316338363532466,-6.621037131661858,11.007658732848789,34.77109259223139
2001-10-02,21.9044856897754,-7.3534169351662495,10.378902391755831,34.78658164667199
2001-10-03,20.078036041171103,-6.9861622397929075,12.147456207407421,36.51533482450727
2001-10-04,19.91241152900582,-8.215612951503605,12.017715635477943,37.74557143862062
2001-10-05,18.361520806299946,-9.629658279780699,11.835513522410066,37.009600383880006
2001-10-06,18.570864772103405,-10.495317931830304,13.569752451276988,36.800849526128715
2001-10-07,20.306238602760693,-8.650199687683621,15.635922466644363,36.0205548210401
2001-10-08,22.365420834737375,-7.3271988831324935,17.65293647453865,37.03187091981025
2001-10-09,22.17111943374547,-8.48144760686363,16.848895593223546,37.6840216846594
2001-10-10,23.1590339044227,-8.353896814498066,15.764757164511083,37.59012669844053
2001-10-11,21.49458346913088,-9.685607079240564,15.230855601111212,37.85732015104259
2001-10-12,20.339908684733402,-10.934788652795573,15.896755863063404,38.61702946120036
2001-10-13,21.299185581529706,-9.497079870762558,16.680954480336034,39.130826492216684
2001-10-14,21.34196417882527,-11.050009979541692,17.183159961703062,36.90511678890272
2001-10-15,22.111619019347717,-12.037148033019822,19.951094146339457,37.44857957193713
2001-10-16,21.772918889944766,-11.797120832567712,21.07123541360271,37.38097344481033
2001-10-17,21.113214567490243,-11.371998086300708,19.762387594000195,36.696768235441105
2001-10-18,19.62188136742746,-11.289917948181094,21.090965597125454,36.3829053295955
2001-10-19,18.780993830269857,-11.969516961698453,21.01013488648807,36.086052746588315
2001-10-20,19.094292369777715,-12.659509972867841,20.455233954238278,35.710983478279566
2001-10-21,17.721887730533044,-11.914971084708345,19.808171967007755,35.862785602092124
2001-10-22,15.097220694491135,-11.322906818004702,21.49077912919318,35.76867201267925
2001-10-23,14.166343474058205,-11.70274043180133,21.623985144966024,35.2660609878931
2001-10-24,12.852066710693418,-11.310029287026735,22.60518837616479,34.992630021662706
2001-10-25,13.450563715641813,-11.479012855769737,24.13867590360406,34.23595099494689
2001-10-26,14.000098959551654,-10.382493388125072,24.054346038476957,35.14955197784445
2001-10-27,13.057308220546538,-11.437882028893455,26.19641719699259,37.36773656876045
2001-10-28,12.322886144008349,-11.170800105869587,28.771972907153753,37.35835617654374
2001-10-29,12.315004388229905,-10.841621615017244,28.997183828988785,37.36495977398084
2001-10-30,12.794029255926041,-10.728954266390112,27.39718448962961,35.85281903262063
2001-10-31,12.75152597369183,-10.611761723245447,26.46587886419404,35.12809893181371
2001-11-01,14.811024343625379,-11.465848718510232,26.16500367182856,35.777907746798626
2001-11-02,12.436634119357619,-10.36747289180437,26.964218517923005,35.35395571910797
2001-11-03,12.09819402755228,-10.95746343088124,27.23735868697493,34.49742025429582
2001-11-04,13.223037836249938,-12.318049691692382,28.513408240789246,34.13693725307214
2001-11-05,11.853369034091768,-11.309211045677454,28.920031881715182,33.55424108733084
2001-11-06,11.81375932795393,-12.052295264415058,28.18400664962733,34.051985618069
2001-11-07,13.737810274150725,-10.889310508364215,29.381817345327057,33.84797224514775
2001-11-08,13.733244289850875,-12.086241203355778,29.724049225467816,33.375849354292406
2001-11-09,12.931262742513912,-11.681167240297421,31.549413493686803,36.14073596807333
2001-11-10,12.809394671595527,-11.031945904942846,31.203337338332727,34.950701271472965
2001-11-11,14.305927200358285,-11.533771805987733,29.352293092707352,34.977539894253965
2001-11-12,13.503573391286832,-11.626405709825564,29.083214186980925,34.9805917240649
2001-11-13,13.47786724821,-12.180232153541183,28.673034391018057,37.518256058744015
2001-11-14,12.20155714608244,-11.133242692431658,28.67765979524354,37.40371615053986
2001-11-15,11.616853982147896,-12.001543654666337,26.530196011808147,37.759577012364595
2001-11-16,12.94482544770225,-10.644465670945308,28.863202330356263,36.90462553087819
2001-11-17,13.357277387528198,-9.001884693660616,29.749736683397572,38.21351267922867
2001-11-18,11.021910785246998,-7.472827618583615,29.851020123537385,38.76018588913548
2001-11-19,11.910519616109003,-7.867106007672865,30.64807278851221,38.67651368726568
2001-11-20,13.547866355113067,-9.126857365904002,30.023508846129523,39.50747354170187
2001-11-21,14.355771297796222,-8.591094376932489,30.37324292685542,38.487760529815645
2001-11-22,14.264297881065822,-8.88098078670194,28.327948443656453,37.223201114176085
2001-11-23,15.61648404375688,-7.983540043274925,26.478346096164714,36.16841331673299
2001-11-24,17.040427607916527,-8.439192669356265,26.079364081246577,37.00305781119369
2001-11-25,17.21116397853507,-8.817901376422522,25.912517175053605,38.21984343613893
2001-11-26,15.913544472567427,-9.384712277693284,25.851022863021313,37.707935743831065
2001-11-27,14.869617534541165,-9.404723617187946,27.097981823188185,37.71520308693156
2001-11-28,13.658620795752787,-9.807725979951298,28.950376225382172,37.435694718759045
2001-11-29,14.258759810922564,-9.812380493976038,28.02151931840604,38.00069761920028
2001-11-30,13.253622758025477,-9.31202722241353,28.478423927053484,37.50669574505094
2001-12-01,12.146695071584801,-9.522816282581761,29.020744090287327,39.2348283464569
2001-12-02,11.635783284976778,-9.141125116136717,29.884797931213274,39.268656785186366
2001-12-03,11.556349488847077,-9.220215811606325,28.891431418300645,40.56961434144425
2001-12-04,11.207075708496474,-9.146594683643075,29.21251095505329,39.287906306068784
2001-12-05,10.944904396404857,-8.03988685721465,29.891636484444202,39.70599920277171
2001-12-06,11.667945910427914,-8.340549217630674,31.65248797775163,39.56619625118563
2001-12-07,14.13717643410223,-9.181866075498531,31.618175268032665,38.61207608143303
2001-12-08,12.980428672915155,-9.255774471807388,31.19297892371594,40.08052826597453
2001-12-09,11.863951921602924,-9.545354686906983,30.701853000270432,40.12501324467091
2001-12-10,12.054860980922433,-8.531072120496656,31.3616154858223,38.654154429908864
2001-12-11,13.676435033782962,-9.645557878773126,31.25477508308912,37.913775298052265
2001-12-12,14.195449027211229,-9.206833801939085,31.848586204786585,37.69542993699094
2001-12-13,13.836800755731282,-9.777903796627795,31.24595197742869,38.42548150885594
2001-12-14,14.563711883922371,-10.65311586793997,32.295354233337115,38.481626201296486
2001-12-15,15.15774693806509,-12.652481946092974,33.30379015304345,39.48217953613289
2001-12-16,14.266428419719558,-13.686552747373344,34.24884900255056,39.428196198538686
2001-12-17,14.893016885919495,-13.25414540403272,34.07188974549152,39.463012686773624
2001-12-18,14.560733716139138,-14.365423975623099,34.51611009836871,39.0789448579206
2001-12-19,14.501367107621988,-14.660223076887116,34.41985306604625,38.959430823663105
2001-12-20,15.541626130055642,-15.628550054447196,33.47026954490808,38.29760085034695
2001-12-21,16.286475220198483,-15.432861757525586,32.32253115568295,38.34703220245308
2001-12-22,15.497897981126439,-14.666115180875275,31.847665542120193,38.73833779667281
2001-12-23,15.00040810204147,-16.072956661961804,31.22680066830256,37.732440780511816
2001-12-24,13.998534115069974,-16.125716420596138,31.690254165172412,39.72077439504249
2001-12-25,14.084475282184801,-15.566420727475013,32.261273930042485,39.98433976227207
2001-12-26,14.880179128514536,-15.152344848320242,31.431676653717968,37.64890662862996
2001-12-27,15.08140666364106,-16.253963184881126,31.04323868023191,36.033221820234054
2001-12-28,15.443173811529357,-16.995997227043514,31.54765128160456,36.774762752990945
2001-12-29,14.118944582124355,-15.274346136349049,30.528753058112343,37.25494557666303
2001-12-30,12.391382856280055,-16.84532069339553,29.601263069300863,36.01870283780099
2001-12-31,10.589662304557457,-18.998577865201593,27.450773981262298,35.63527709210219
2002-01-01,11.1752271373608,-19.79230065068916,27.175034059964048,35.58321293261097
2002-01-02,13.264674886900178,-20.462819827799535,26.403769027420164,35.72294494757889
2002-01-03,13.308987807629947,-20.516852016524435,27.9967873864579,35.11277461426691
2002-01-04,14.861406345012966,-20.428457445269693,26.277663554906745,34.542945639243506
2002-01-05,15.188282809554527,-19.891910060468767,25.354970810205966,32.977107813628145
2002-01-06,15.299865891365906,-20.16744071342977,25.83540826091571,32.49573026751113
2002-01-07,16.651184034414992,-18.676365785406688,26.045178721199832,31.322779373069768
2002-01-08,17.663617061712216,-17.67779062173978,25.513549450208618,30.377142606391565
2002-01-09,19.10703285010984,-17.198373189367057,24.502369494533717,32.225627929998275
2002-01-10,19.086276554622874,-15.708050986797248,23.071461344656313,33.48949349359434
2002-01-11,19.230857297215117,-14.293478179157049,22.23123516982599,32.55629909576828
2002-01-12,18.28119199490014,-13.74882345566132,23.948733684746383,32.219029581149705
2002-01-13,19.176707076102982,-12.91145109331934,24.294459805226147,31.5628076394693
2002-01-14,18.545321432523487,-13.571518081941047,24.116177430766182,31.617166074371482
2002-01-15,18.83884850284705,-14.168942880376662,25.35632080385479,31.550900251556637
2002-01-16,19.53618541466463,-13.661369614567278,26.04938854194027,30.46462134954839
2002-01-17,17.91960803740303,-14.828105862069002,26.14319115533862,30.572945602734357
2002-01-18,18.179357779329973,-17.01296951348493,26.78821711661484,29.880404495518285
2002-01-19,20.655723252847903,-17.817186063989915,25.51295417836325,32.04258775392422
2002-01-20,21.436952279764252,-19.069975324950388,25.319942986104387,33.156909490621246
2002-01-21,21.88074484218751,-18.746630689839833,24.160827879464403,34.210018085136454
2002-01-22,21.753770768342786,-20.315036045626247,23.46905844181412,34.68976111663964
2002-01-23,21.852374729823488,-20.563790251241482,22.762809986500915,34.7408884456758
2002-01-24,21.4368643862461,-20.815322438278955,22.64400074419559,33.77460020839207
2002-01-25,22.07112750143984,-22.339167735241574,22.388309847353376,33.619157971861746
2002-01-26,21.643621185739452,-21.944935093702167,22.020426868774987,34.53900406260414
2002-01-27,21.504211904193653,-22.935854178817017,21.41907250934636,34.65454830907092
2002-01-28,22.039641202002986,-23.23667856521547,20.390211134325934,33.8576477397301
2002-01-29,22.83932308154802,-23.962692465023615,21.23309373521939,33.57424964901947
2002-01-30,21.8542305635722,-25.58150992787539,20.914978826213993,34.349706809814144
2002-01-31,22.228210426783175,-24.980386514523218,20.95140239705238,33.968453137625865
2002-02-01,20.664439583819757,-25.038656214281716,20.67599809252277,33.82255933829335
2002-02-02,20.465180879318737,-25.570883578696463,19.54850350618065,34.04016824027673
2002-02-03,20.304602191831403,-25.25563965067779,19.94594615280614,32.29619240886073
2002-02-04,19.158957792760447,-24.632290025881545,20.771288768665215,30.57800425613291
2002-02-05,19.632904253618683,-24.31450567072357,21.35266160171257,30.062706952500164
2002-02-06,20.232654939949906,-23.528380242573807,19.96787214926102,29.918923301024073
2002-02-07,20.626179438574763,-23.41692679592387,19.59807444947936,29.94120148101685
2002-02-08,20.52075748515667,-23.765497454535733,21.769986885662547,29.733512294369703
2002-02-09,20.967825416250033,-23.746171774433677,22.526956132322468,29.370712905608926
2002-02-10,22.199132424089097,-23.999829758618155,21.711766824566066,32.094747911030126
2002-02-11,22.331411609068862,-22.632752503506584,20.793199446629924,34.18472461749425
2002-02-12,23.429617030431928,-21.4368666387342,20.995454127129214,34.739768369314014
2002-02-13,25.569416654584522,-22.12450619468905,20.374267134262162,34.27540597209644
2002-02-14,24.007085735716117,-22.68913888900805,20.21416386627049,34.48176084948516
2002-02-15,23.62236408021149,-21.629760997503595,21.451704751602954,33.84017970630173
2002-02-16,23.7934614546885,-21.59277391178953,21.15751699558558,34.09450517551772
2002-02-17,21.67282175730379,-22.596271962743675,20.65011740538952,35.41424343855535
2002-02-18,21.348177671456266,-21.65438191488439,21.733197018849488,35.0927824643723
2002-02-19,19.719311331110124,-20.588953425019923,19.727057098895404,35.03664865802005
2002-02-20,19.2152341377488,-19.09202316466408,17.919898529982895,33.92383640802442
2002-02-21,20.286030567585005,-19.620814990131702,17.720359244226245,32.60940431558465
2002-02-22,19.268904348761303,-21.008929646440258,17.46515570423858,32.128166122352994
2002-02-23,22.44517951038053,-20.634430836259526,17.69630959316194,32.96809697257609
2002-02-24,23.718821194356384,-19.66132898170848,17.725480978507466,32.69969048895979
2002-02-25,24.76813083871708,-20.75527061432411,16.206178296440154,32.96157377654091
2002-02-26,25.145251491431154,-21.142807780160055,16.617193400231695,33.781980299595894
2002-02-27,26.198830698937332,-20.506227508448,17.085404231514257,33.75224107017814
2002-02-28,24.56727418783265,-20.832722508849695,15.196117185663036,36.88494761311383
2002-03-01,24.182458398156427,-22.741998400461227,16.04570723840732,36.47857168464845
2002-03-02,24.310755204493237,-22.442112361275544,16.184414008051363,36.27884167472956
2002-03-03,25.540414585396654,-21.096017426689528,16.74779631261643,36.259912971801796
2002-03-04,26.21245221780927,-20.8335612922071,15.876584098595396,36.6184965635864
2002-03-05,26.53830962485772,-20.65075843234795,17.38324375030198,36.694199914149216
2002-03-06,27.97328793307964,-20.101612200275152,17.726864321100898,38.401578833975044
2002-03-07,28.53192827656099,-19.42996779060775,19.454727488883982,38.48295122769694
2002-03-08,27.587293008101,-19.994994013386606,20.4851726977217,38.92395812516701
2002-03-09,27.18984388886732,-18.297624064399336,21.187437080678535,39.73753056970142
2002-03-10,26.744798845738593,-17.38705630412921,20.901501739578805,39.75192380708997
2002-03-11,23.36383990185319,-17.119911523487858,20.864008634825115,40.03336627502706
2002-03-12,21.480182266422588,-16.626113688898496,20.82828851669913,38.94113091268649
2002-03-13,19.092139181671303,-15.825844453577858,19.013470190039975,38.507234874275284
2002-03-14,19.84040062412004,-16.166694340902964,19.766612835298023,37.75916864248077
2002-03-15,18.61865592552309,-15.65877853569603,19.810868319099615,38.156752236302125
2002-03-16,18.989244975589756,-14.983952723950956,18.22754228658998,37.08067199944606
2002-03-17,17.93406953215993,-14.151080235925145,18.72662745558778,36.38834400841348
2002-03-18,19.29678818362934,-14.119951139296296,16.909821579559168,36.33084427311029
2002-03-19,18.981073848814628,-15.561411504817123,14.353750800576027,36.60434744019928
2002-03-20,19.518860825503392,-17.49188296972021,13.658612135931078,35.79597855430892
2002-03-21,19.549913174427672,-19.314864648722686,14.294342858252755,36.01070306101295
2002-03-22,19.80105116075883,-19.237517869080946,14.108354009130627,35.35340000289003
2002-03-23,19.978644217281865,-19.121553428537094,12.626398137719631,36.04414122004464
2002-03-24,21.61995351238969,-19.92410590877097,13.195610968083917,37.612078246141195
2002-03-25,21.48600676730639,-20.002075509830927,12.893234689021615,37.72704076954817
2002-03-26,22.608125867933953,-21.126867533113817,15.17262479692224,37.74925540477146
2002-03-27,24.087436472286697,-20.974641263667788,15.386615281428346,36.47206048123469
2002-03-28,25.04164029533428,-21.485968448477426,14.405267474094217,35.3402265898738
2002-03-29,25.140070556569068,-20.469595260158638,13.65717221115709,35.02824504819556
2002-03-30,24.61239299707474,-21.06162076243812,14.219006552564476,33.10252239124212
2002-03-31,23.263344754718478,-22.567255790511123,14.081679107213644,32.68512544493346
2002-04-01,22.66270282088439,-21.56987391455306,15.088472837709025,33.44775627201762
2002-04-02,21.334400265251094,-22.20648951805344,17.444270230454947,32.548585976892724
2002-04-03,19.73154698355772,-20.33900492104448,18.946624128395644,32.19202381070685
2002-04-04,18.734177119098117,-19.035418737678917,20.67596960700967,32.668411555562265
2002-04-05,18.813508874327667,-16.91326266309952,19.09847026096101,31.933295190653
2002-04-06,20.778518332364868,-17.51024254246832,18.837881445218233,32.72451990117603
2002-04-07,22.25167568999871,-17.023691669208677,18.977150875379362,33.47749918012037
2002-04-08,21.349924704442152,-16.199848594866523,18.833824579984803,33.14048508206382
2002-04-09,22.20229598033426,-17.468385960205325,18.744733162952834,32.273222780719344
2002-04-10,22.16695127928427,-16.136765234565964,18.58258487666356,31.9062811226321
2002-04-11,21.83916942189134,-14.724636329841392,20.26928568296394,32.13824331017091
2002-04-12,21.411113902048335,-14.374327994733578,19.801965290448983,33.49741858386978
2002-04-13,20.749446341700057,-14.462311685593992,20.70167752405859,33.64933861808961
2002-04-14,21.083818963459276,-14.18396337015593,21.921897629071914,35.15626412193483
2002-04-15,21.167869924926602,-13.535192705068896,23.767274570732226,35.053289317059864
2002-04-16,19.513387061487375,-13.235809482428047,24.210792690414213,36.9370719549068
2002-04-17,19.509621787693533,-13.231927524679849,24.159227294224003,36.79816433895308
2002-04-18,17.587567525267463,-14.303606012130704,23.491312508196614,37.77597804630039
2002-04-19,17.41554045744649,-14.037819647991638,22.927520185949454,38.1756882788674
2002-04-20,17.194321176736587,-14.362430540067253,22.7720765979629,39.92433173836479
2002-04-21,17.701266542297287,-14.498290160229228,23.476130395702366,40.0467315030733
2002-04-22,17.669812499266943,-15.046611753315444,23.4262986623826,40.83799843656231
2002-04-23,16.369146277986808,-14.475309055204859,25.08846815562599,41.04902639463621
2002-04-24,15.485121523158941,-15.991716144323258,24.39784940986691,41.205555060374735
2002-04-25,15.707282270275439,-14.987521019364264,24.838829916307507,40.434142119476995
2002-04-26,15.46864403499427,-14.78935806016303,24.60680862468639,39.38756244708764
2002-04-27,15.273444106072558,-13.932629639948193,24.215418958476214,37.900865296459806
2002-04-28,14.203254119970927,-13.051718674335385,23.176711883950972,38.23046546537926
2002-04-29,14.155004401512473,-13.52455653834838,22.920412289944455,39.70805392529489
2002-04-30,13.55082368595058,-13.055602300059805,21.31098711868249,40.392752952666605
2002-05-01,15.342761725998534,-13.579727021340755,21.78961870265208,40.822092434864345
2002-05-02,15.586985033350757,-13.366643690719151,20.563443936341276,40.92606078148531
2002-05-03,14.168656969524605,-13.027193973930288,21.107104632960667,42.41081048233194
2002-05-04,14.468269123733167,-12.365999399635534,20.03571089441042,42.387322316846216
2002-05-05,13.177397288343498,-13.357458891682182,19.30474937256761,42.18649109205769
2002-05-06,13.957356909281497,-14.748764050583505,18.87814436148199,41.96194418156966
2002-05-07,14.498888289815406,-13.527147785449877,17.568756060580377,41.04680174016231
2002-05-08,16.420560359062453,-14.062744220441049,17.926358407773535,40.895624550637564
2002-05-09,16.53195290217605,-12.972046769780274,17.541429193201004,43.98063925334043
2002-05-10,17.688832468798367,-14.035080050282364,18.9726575785528,43.01809202521516
2002-05-11,18.077881528196606,-13.667220637065782,19.657765542864883,42.840472391211534
2002-05-12,17.53734045227969,-15.465776113433932,21.006957526135352,43.09696491301186
2002-05-13,18.319171156719026,-13.576497609121875,20.67049553023512,41.92854618473719
2002-05-14,15.059376686202699,-13.671452465096023,21.402679541082435,41.780824913102414
2002-05-15,13.951039551336724,-14.681375781293593,22.196269797576885,43.08903144876932
2002-05-16,14.92102169691123,-13.833337108799698,22.147839139604134,44.35929243000683
2002-05-17,16.206891976350498,-13.39635504644249,21.72674530088386,42.7156951601799
2002-05-18,17.875924002759476,-12.168142872977077,22.978315732909977,43.22177214266377
2002-05-19,15.767371510710163,-12.028868700375398,23.595558343000185,42.5725219597346
2002-05-20,14.123127634836143,-11.885726506354482,22.078551921025735,41.41307114627255
2002-05-21,14.439055403599557,-13.33602524566652,22.25291320369939,40.79191117597315
2002-05-22,15.770325528545479,-13.016536813522201,21.294058241848624,40.09387911088232
2002-05-23,16.58364541687527,-13.46506484347228,21.78967789658281,39.254761793555296
2002-05-24,16.591783732173997,-14.133155814150788,21.32556278287965,39.67223600211732
2002-05-25,17.181186905650424,-13.924073807706481,20.58906835506139,39.857447707900114
2002-05-26,17.111677476073396,-14.581443730377067,20.630634510662944,38.567283734694044
2002-05-27,16.500210430973745,-16.14350050402807,21.8214634998915,39.120368951254136
2002-05-28,15.882950408628178,-15.609041207710375,23.121818767508742,39.19328067578321
2002-05-29,13.629943380321233,-14.136798694708798,24.051035583172872,38.54696370520277
2002-05-30,13.828447172205728,-13.176078975783394,22.450220222946527,39.77960227739193
2002-05-31,13.465778154742786,-11.507691161878876,21.663433976617622,41.00960377814021
2002-06-01,14.194606409488541,-12.566778885008798,20.15952528587031,41.7177234811952
2002-06-02,14.883413986654558,-12.292659818501296,19.97658603712257,42.41592095746929
2002-06-03,14.252704440804521,-11.638554880679614,19.212338936297595,42.685283579047955
2002-06-04,13.744859628024848,-12.481201162317994,18.65635973326169,41.933916771365325
2002-06-05,13.59028326654232,-11.425663399666,18.10820516274649,42.924205057414824
2002-06-06,14.996534949602685,-13.09229865273038,17.97957067564521,40.87335077634012
2002-06-07,14.522535802701848,-14.02390890810553,18.195589781537933,43.640119641824256
2002-06-08,16.177348111386713,-12.599697583573043,17.313560578735455,43.308731592939594
2002-06-09,17.403373032443188,-14.0240368518393,18.260936693039408,42.728837694949995
2002-06-10,17.188147730772993,-14.574918428166068,17.802706392857253,43.22277308609649
2002-06-11,17.575394367444122,-14.274243626112822,17.3535580694273,42.6919046325573
2002-06-12,17.582347506058913,-14.440939020769415,16.252727997198047,42.728953165980215
2002-06-13,15.614403485127923,-13.374640021810698,14.513377145110157,43.3554591348157
2002-06-14,15.70432278974083,-15.68585021008663,15.664918361492099,44.4371412615952
2002-06-15,15.167229911831333,-14.707730802534623,14.595051674341246,44.73806613549985
2002-06-16,14.374329437572202,-15.271880679210044,15.484249812430964,44.683687632481906
2002-06-17,14.358600707631672,-14.1654643868476,14.350187445821277,44.711662116056694
2002-06-18,13.179834549096505,-15.152490304689776,14.416591773990223,45.71916225718322
2002-06-19,12.865451759900106,-16.987925302934183,13.52888487002786,45.230655506281735
2002-06-20,13.45530113786587,-17.357760186197755,13.943852098894148,44.732414862235494
2002-06-21,12.155775860980313,-18.4546229704069,14.747944632118118,44.048575642138424
2002-06-22,12.125097036769352,-18.248630191747218,15.271956761558966,43.274428495199665
2002-06-23,13.311576019562619,-15.732574455225262,16.37624929643852,42.49418347619405
2002-06-24,14.371424780737351,-15.097843937859327,16.305903749757324,43.40395393647922
2002-06-25,14.236178992769679,-16.643018499850683,14.318305385171843,44.3011574182339
2002-06-26,14.826034838693511,-17.566398971972795,16.138394061812484,44.559449478366126
2002-06-27,15.216779601164305,-17.232842502971913,15.808135499079558,44.21032929365153
2002-06-28,17.73961311605001,-17.741138986213997,14.316637601504567,45.162418957110816
2002-06-29,17.877656742049822,-17.184338390605063,16.72407221629512,44.18212124250663
2002-06-30,19.078254770461403,-16.939146492462974,17.317575303170727,44.41189747588966
2002-07-01,18.9738368004073,-16.816245665022766,17.12979681192036,44.68372824609817
2002-07-02,18.320424428958454,-15.321432023144709,16.569096272303923,44.41040837805796
2002-07-03,19.637597461405953,-14.542313844398405,16.31070435278109,44.117581675325425
2002-07-04,22.120277629291337,-14.345703169804022,16.74965187172573,44.761241445729816
2002-07-05,23.486262994757393,-14.013659169110094,17.723415031594232,46.1114322632597
2002-07-06,22.55573594086803,-13.886080796036966,19.161681505050254,45.47106196666462
2002-07-07,22.19892912754207,-14.189411816203538,17.852557509510937,45.454183477258375
2002-07-08,21.83522171351187,-15.929501056930585,17.285415430803518,44.969280729625424
2002-07-09,20.83024903167797,-15.681380086526495,18.38510072451711,45.243986533955464
2002-07-10,20.640929669659297,-16.768930687196814,19.046616518052367,44.120335383599354
2002-07-11,21.375123648454412,-16.5889886856562,17.461280470497663,43.38504304568911
2002-07-12,21.03094177061041,-18.584183141809028,13.6823499580506,41.90866817127083
2002-07-13,21.254586066733324,-20.17792781391423,12.728665978473732,42.36434491117135
2002-07-14,21.378039502943242,-19.385631581603594,12.146216451196493,40.92811735098067
2002-07-15,21.475899749485063,-18.39193955923618,12.698913429131629,40.749458998295985
2002-07-16,20.181858070795137,-18.826575243386802,14.919910316825,40.19097477249267
2002-07-17,21.985614099135457,-17.550009094511477,17.099281785989497,40.22834895225105
2002-07-18,22.525210821860238,-18.292386217084236,17.813236644317772,41.29532776493933
2002-07-19,23.60182239094845,-17.2192454965461,18.190503966232423,40.012617148338094
2002-07-20,25.922858154166416,-17.68419510390645,19.88625224871465,38.59111794515125
2002-07-21,26.62199706460226,-17.029479749781903,19.115905457357965,38.43403639761444
2002-07-22,28.04839807324326,-16.911237552147874,18.455401401608874,37.20943831856675
2002-07-23,28.14512837833404,-18.276219253079475,19.213061643877428,36.29753655639658
2002-07-24,25.97515843531361,-17.78882393768228,19.67622485798673,36.307333702989055
2002-07-25,25.730554254781225,-16.558195669865626,20.116485847257707,37.16377901270405
2002-07-26,26.206825512945645,-17.090970477979337,20.06506768479637,34.95144586937438
2002-07-27,28.41443952098286,-17.126865054001303,19.366315585039192,35.26926665320781
2002-07-28,27.165181408959747,-17.718458026807774,18.09534683465886,32.39342482491936
2002-07-29,26.072731516517727,-16.064564508706283,17.502820833541097,32.40754258979927
2002-07-30,26.62797313355788,-15.959761323288374,17.966000690919998,31.011997624881083
2002-07-31,25.47241830171243,-17.271468977353994,18.397562464980325,31.87173829952866
2002-08-01,22.623223860039822,-18.341789473938608,17.680558435635582,30.846412378660865
2002-08-02,22.407961599160295,-18.177060951556186,17.500488378327415,30.56121788178929
2002-08-03,22.453538790500655,-18.96280922192112,16.0958636897231,31.12569111755644
2002-08-04,22.297598522591613,-18.372724634700653,14.561529114966,31.871599980940704
2002-08-05,22.299788647528533,-19.05894936636872,13.797110595513955,30.507730970155993
2002-08-06,22.282876100703188,-19.156942078258126,14.151194696320752,30.735180802220725
2002-08-07,22.997589525228065,-19.79713907648081,13.182570144965316,30.65303517106299
2002-08-08,25.000101442979986,-18.622955888956994,13.559360895074178,29.933106054642735
2002-08-09,25.572680684221037,-20.70773720104076,13.575256619448743,31.136987328928754
2002-08-10,26.230782443475313,-21.215038629889147,14.415417803261501,31.184253917336697
2002-08-11,25.946106737577885,-21.4738910888828,14.365310083294467,29.99396154106945
2002-08-12,26.612761867190855,-22.89421424273466,13.83268958183507,29.242859419099336
2002-08-13,25.025348767045013,-22.91359661522939,12.638451548261276,28.130410449613315
2002-08-14,25.70392631596468,-22.77906021027386,12.11904917427447,29.780017722576748
2002-08-15,25.80636712854024,-22.985064270730508,11.47246003589661,29.678775613089847
2002-08-16,26.745329128215197,-21.714035934973158,11.252939181440537,30.852065347464286
2002-08-17,24.530302977613374,-21.413694849558244,10.31621257876822,30.812186298259974
2002-08-18,25.67754085622134,-20.879034248114216,8.717952663790236,30.776309083623836
2002-08-19,26.853070739035964,-22.130863423990952,9.716488505235436,30.849010948226564
2002-08-20,25.576767614088496,-22.102197952240168,8.499384596617249,29.369691643166156
2002-08-21,24.277309846653417,-21.35740528201046,9.13226964907868,31.519626788004125
2002-08-22,25.897027726240708,-19.91711051227447,9.010578716152981,32.88582502624584
2002-08-23,26.714851851611527,-21.35207554057276,10.155216095498556,34.515534442082775
2002-08-24,26.27087109335919,-20.530338623896334,10.526098188206552,34.44382411500869
2002-08-25,26.513689091327628,-20.583571138907633,10.785953656993074,33.87510376872138
2002-08-26,27.18224651530583,-20.57507680263545,10.34306786176489,34.85722976667481
2002-08-27,27.44466948791098,-19.169637813556914,10.134518342768084,35.31562408257761
2002-08-28,27.693923139063415,-18.843392727269464,9.257480539914273,36.418715843083326
2002-08-29,28.80618577255952,-20.297903202354007,10.715034219267828,35.23525906258414
2002-08-30,27.937727188504272,-19.472916343356584,8.847551921186689,35.642395753066985
2002-08-31,29.06744845280745,-17.673869827164808,7.576882180765374,34.83841113154561
2002-09-01,28.933936742148582,-17.09379402918297,6.5458917409263995,34.7494388448131
2002-09-02,27.61087074020344,-18.4534903045334,6.002395875038327,33.97204567363101
2002-09-03,27.839350265422883,-17.380862440278715,5.55282290614747,32.43586665467846
2002-09-04,27.790608615460982,-17.76484118654048,7.602883109435904,33.07409169211081
2002-09-05,25.798738916485803,-17.648917702144086,7.697935327018122,32.92113053965601
2002-09-06,25.70216297778428,-17.04616448649795,7.1735133602228816,32.4067881988038
2002-09-07,23.97888487113292,-18.297272127846423,7.038620549887022,30.58460925031717
2002-09-08,26.089344445244265,-16.7429904464642,5.954462160379348,30.68376009178167
2002-09-09,26.541171717786106,-14.148980175405137,5.212282900223835,29.855613387775556
2002-09-10,25.381082907830447,-13.291002002761429,6.08366495533037,30.249421781734483
2002-09-11,26.48173204567607,-14.485378893787164,5.291445464496984,30.611343465597024
2002-09-12,25.900796698880047,-12.194466525348817,5.363107770999055,30.921890151223266
2002-09-13,27.3864077167567,-12.464094150544646,7.344631887906945,31.094170609949305
2002-09-14,27.238593579572,-12.41280806149004,8.311072636924267,31.696403057128496
2002-09-15,27.707641035463457,-13.59607776094291,11.524936299210921,33.77852752071924
2002-09-16,28.060303443123104,-14.134562259922232,12.353499424972368,37.10857905800479
2002-09-17,26.425400630594805,-13.649687570062706,11.72891607360259,37.65482004662608
2002-09-18,26.48163921234187,-13.462086689240484,12.771188464131244,35.77601386905714
2002-09-19,26.982745056864665,-13.482246197407246,11.296112869496538,35.771641389015656
2002-09-20,27.307167779410957,-13.260598617187414,9.033811666417137,36.09871088768464
2002-09-21,26.372082740985395,-11.216504361407566,8.696861201939093,35.47342854533685
2002-09-22,24.167596036309522,-10.715894221223952,8.972037300270216,34.346663728472286
2002-09-23,25.090190749659754,-10.084759636897527,11.220292678273541,35.12545187624427
2002-09-24,24.755977734932273,-10.742086594040263,10.903974212225174,33.6462074159882
2002-09-25,22.945853643439513,-12.551831303437952,9.668720425701263,32.456018468252125
2002-09-26,22.22725171488743,-13.847348869816631,9.518640130677113,31.26041410241566
